Nombre Producto,URL imagen
 Wireless Controller for Xbox One / Series X &amp; S &#8211; Artic Camo,https://nitro.gt/wp-content/uploads/2024/09/item_5556_litqxa1c9ga2ke7v2i29-1-400x400.png
8BitDo &#8211; Ultimate 2C Wireless Controller- Black Myth Wukong (US) (PC),https://nitro.gt/wp-content/uploads/2024/12/item_6806_smqwfin1i4ktqzjsorsw-400x400.png
Astro &#8211; Audifonos A30 Wireless Purple para PS5,https://nitro.gt/wp-content/uploads/2023/05/item_4314_izvs7ozisvwsixlsaqli-1-400x400.png
"Backbone One &#8211; Backbone one, Xbox Edition/Lightining",https://nitro.gt/wp-content/uploads/2024/09/item_4716_lgq9prlrnqliarfyavpb-1-400x400.png
BACKBONE ONE &#8211; CARRYING CASE,https://nitro.gt/wp-content/uploads/2024/09/item_6431_qnvh0p4ccfhvgctaf6r0-1-400x400.png
"BACKBONE ONE &#8211; CARRYING CASE, PLAYSTATION EDITION",https://nitro.gt/wp-content/uploads/2024/09/item_6430_jklkvvkrgxwiviu3aeko-1-400x400.png
Corsair &#8211; Keyboard K70 RGB Mechanical Cherry MX Red MK.2,https://nitro.gt/wp-content/uploads/2023/05/item_4318_swuenz0szrnh52tia9w3-1-400x400.png
G502 X Gaming Mouse White USB,https://nitro.gt/wp-content/uploads/2024/09/item_4776_hsyutz6vcdx32suxdmzt-1-400x400.png
Gunnar &#8211; Lentes Cruz Miles Morales/AN 12+,https://nitro.gt/wp-content/uploads/2024/09/item_4703_rid0ftu0l6dvdnali48o-1-400x400.png
Gunnar &#8211; Lentes Enigma BLK Panthera,https://nitro.gt/wp-content/uploads/2024/09/item_4704_zzxlobfvlfpc9ygvghec-1-400x400.png
